7,$
8,$$ - $$$
9,$$ - $$$
10,$$ - $$$
13,$$ - $$$
18,
20,
25,
28,$$ - $$$
31,
37,$$ - $$$
39,
42,$
43,
46,
48,
51,$$ - $$$
53,
55,$
58,
59,$
63,$$ - $$$
65,
66,
70,$
72,$$ - $$$
76,$$ - $$$
79,
91,$
93,
97,$
100,$$ - $$$
106,
111,$$ - $$$
113,$$ - $$$
114,
120,$$ - $$$
123,
124,$
126,
127,
128,
130,
134,$$ - $$$
137,
139,
143,$
145,$$ - $$$
150,
153,
154,$
159,
161,$$ - $$$
162,$$ - $$$
163,$
164,$
167,$
168,$
175,$
176,$$ - $$$
179,
181,$$ - $$$
184,
186,$$ - $$$
189,$$ - $$$
190,
193,$$ - $$$
195,
196,$$ - $$$
200,
207,$
211,$$ - $$$
220,
221,$
226,$
227,$
232,$$ - $$$
234,
237,
240,
241,$$ - $$$
242,$
244,$$ - $$$
246,
248,
251,
259,$
261,
264,
265,
271,$$ - $$$
273,
277,
278,$
279,$
285,
286,
287,
288,
289,$
292,$$ - $$$
294,
295,
299,
301,
302,$$ - $$$
310,
315,
316,$$ - $$$
325,$$ - $$$
326,$$ - $$$
329,$$ - $$$
330,
331,
334,$
337,$
339,
340,
346,
347,$$ - $$$
349,
350,
351,
352,
355,
364,
365,
369,
370,$
374,$$ - $$$
375,
378,$
380,$$ - $$$
382,
387,
397,$$ - $$$
399,
401,
402,
406,$
407,
409,$$ - $$$
411,$$ - $$$
413,
415,$
418,$
419,
420,$$ - $$$
421,
425,$
427,
432,
435,$
436,
442,
443,
444,
445,
449,
450,$
454,$
455,
457,
458,$
460,
464,
465,$
471,
472,
480,
481,$
482,
483,$
488,$$ - $$$
489,
490,
491,$
492,
493,$$ - $$$
499,$
500,
502,
505,
507,
511,
512,$$ - $$$
514,
516,
517,$$ - $$$
519,$$ - $$$
521,
526,$$ - $$$
528,$$ - $$$
533,$
536,$$ - $$$
537,
538,$
544,$$ - $$$
549,
550,
551,$
554,
555,
557,$
559,
560,$
562,
563,
564,$
572,
576,$$ - $$$
577,$
585,$
586,
587,
590,
591,
592,
595,
597,
598,$$ - $$$
600,$
603,
606,$
607,$
608,
611,$$ - $$$
612,
613,
615,$$ - $$$
623,$$ - $$$
624,
626,$$ - $$$
627,
632,
633,
639,$
640,$$ - $$$
641,
642,
643,
644,$
645,
647,
648,
649,$
657,$$ - $$$
661,$$ - $$$
663,
664,
666,$$ - $$$
667,
669,
671,$$ - $$$
672,$
673,
675,
678,
681,$$ - $$$
683,
684,
690,
691,
693,$$ - $$$
698,
700,$$ - $$$
704,
705,
706,$
709,$$ - $$$
716,
718,$
720,
736,
738,$
740,$$ - $$$
744,
745,$$ - $$$
747,
753,
754,$
755,$
757,
758,
759,$
763,
764,$
767,$
768,$
769,
770,
771,$$ - $$$
774,
776,
777,
780,$$ - $$$
783,$
784,
785,
787,
788,$$ - $$$
791,
797,
801,$
805,
806,
823,
825,$
834,
837,$$ - $$$
838,
839,$
841,
842,
852,
857,$$ - $$$
859,$$ - $$$
861,$$ - $$$
868,$$$$
869,$
870,$$ - $$$
871,$
872,$$ - $$$
878,$$ - $$$
879,$$ - $$$
880,$$ - $$$
881,
883,$$ - $$$
885,
886,$$ - $$$
887,
888,
889,$$ - $$$
893,$
895,$$ - $$$
899,
901,$$ - $$$
903,$
908,$$$$
911,
914,
915,$
917,
919,$
922,$$ - $$$
925,$$ - $$$
929,
931,$$ - $$$
932,
935,
936,
937,$
938,$$ - $$$
941,
944,$$ - $$$
953,
955,
956,
958,$$ - $$$
964,
965,
967,$$ - $$$
970,
972,$$ - $$$
974,$
976,$$ - $$$
977,
981,$
984,$
985,
988,$$ - $$$
992,$$ - $$$
993,$$ - $$$
994,
995,$
999,
1004,
1006,$$ - $$$
1009,
1010,
1012,$$ - $$$
1015,$$ - $$$
1016,$$ - $$$
1017,
1019,
1021,
1024,$$ - $$$
1032,
1036,$
1041,
1047,
1049,
1050,$$ - $$$
1054,$
1056,
1060,$$ - $$$
1061,
1066,$$ - $$$
1071,
1073,$
1077,
1089,
1090,$
1092,
1093,$
1095,$$ - $$$
1098,
1099,$$ - $$$
1101,$$ - $$$
1105,
1107,
1109,
1113,$$ - $$$
1114,
1119,
1126,
1128,
1130,
1132,
1134,
1135,
1138,$$ - $$$
1139,
1140,$$ - $$$
1145,$
1153,$
1155,$
1156,$
1161,
1162,$$ - $$$
1163,
1164,$$$$
1165,$
1168,$$ - $$$
1170,
1175,$
1177,$$ - $$$
1178,$$ - $$$
1179,$$ - $$$
1181,
1182,
1189,
1191,
1197,
1201,
1204,
1205,$
1206,$$ - $$$
1208,
1210,
1211,$$ - $$$
1218,$$ - $$$
1221,
1222,
1224,$
1227,$$ - $$$
1228,
1232,
1233,
1236,
1237,$
1240,
1245,
1246,$$ - $$$
1247,
1248,
1250,$$ - $$$
1252,$$ - $$$
1253,$$ - $$$
1254,$$ - $$$
1257,
1258,$$ - $$$
1261,$
1264,
1266,$$ - $$$
1267,
1268,
1270,
1277,$
1290,$$ - $$$
1297,$$ - $$$
1300,
1301,
1304,
1305,
1308,$$ - $$$
1312,$
1317,$$ - $$$
1319,
1320,$$ - $$$
1325,$$ - $$$
1326,$$$$
1327,
1335,
1338,$$ - $$$
1339,
1342,$$ - $$$
1343,
1348,$$ - $$$
1353,$$ - $$$
1354,
1356,$$ - $$$
1363,$$ - $$$
1367,
1371,$
1375,$$ - $$$
1380,
1381,$
1389,
1393,$
1395,
1397,
1400,$$ - $$$
1402,$$ - $$$
1406,
1408,
1410,
1412,
1417,
1418,$$ - $$$
1421,$$ - $$$
1426,
1427,
1431,
1433,
1437,$$ - $$$
1438,
1440,
1447,
1450,$
1457,$$ - $$$
1465,$$ - $$$
1466,$
1468,
1470,$$ - $$$
1472,
1474,
1475,
1476,$$ - $$$
1478,$$ - $$$
1480,
1482,$$ - $$$
1487,$
1488,$$ - $$$
1489,
1495,
1498,
1503,
1505,
1506,
1509,
1511,
1512,$$ - $$$
1513,
1520,
1522,
1525,
1526,
1531,$$ - $$$
1532,
1536,
1538,$
1540,
1545,
1546,
1552,$$ - $$$
1555,$
1556,
1561,
1567,
1570,
1572,$
1574,$
1575,$$ - $$$
1576,$$ - $$$
1585,$$ - $$$
1586,
1589,$$ - $$$
1590,$$ - $$$
1598,
1601,
1603,
1604,
1618,$$ - $$$
1619,$$ - $$$
1622,
1624,$
1625,
1628,$$$$
1629,
1633,$$ - $$$
1636,
1646,$
1647,$$ - $$$
1648,$$ - $$$
1649,
1650,$$ - $$$
1652,
1654,
1656,
1659,$
1660,
1661,
1662,
1669,$
1670,$
1674,
1675,$$ - $$$
1679,
1680,$
1683,
1686,$$ - $$$
1688,$
1689,
1694,
1697,$
1699,
1700,$
1701,$$$$
1703,$$ - $$$
1704,
1709,
1713,$$ - $$$
1714,
1715,
1721,
1730,$$ - $$$
1732,$$ - $$$
1737,
1738,
1739,
1741,
1747,$$ - $$$
1757,$
1760,
1761,
1762,$
1763,$$ - $$$
1765,$
1769,$$ - $$$
1775,
1782,$$ - $$$
1785,
1787,
1788,
1789,$
1790,
1792,$
1793,
1797,$$ - $$$
1801,$$ - $$$
1803,$$ - $$$
1804,
1807,$
1810,$
1814,
1816,
1817,
1821,
1822,
1823,$$ - $$$
1825,
1827,
1828,$
1830,$
1834,$$ - $$$
1837,
1839,
1842,
1852,
1853,$
1859,$
1861,
1868,$$ - $$$
1869,$$ - $$$
1875,$$ - $$$
1877,
1878,$
1885,$
1887,$$ - $$$
1895,$
1898,$
1900,
1902,$$ - $$$
1904,
1907,$
1910,$
1911,$
1914,
1915,$
1918,
1920,
1925,
1926,$$ - $$$
1927,$
1928,
1930,
1933,
1937,
1942,
1944,
1952,
1954,
1957,
1958,$$$$
1960,$
1962,
1966,
1967,
1969,$$ - $$$
1970,
1972,$$ - $$$
1973,$
1980,$$ - $$$
1981,
1984,
1988,$
1989,$$ - $$$
1994,
1996,$
1998,
2006,$$ - $$$
2011,
2014,
2020,$
2021,
2022,
2023,
2027,$$ - $$$
2031,
2033,$$ - $$$
2036,$
2038,
2039,$$ - $$$
2040,
2044,
2045,$
2049,$$ - $$$
2050,
2055,$
2057,
2058,
2062,$
2063,
2064,
2065,$
2069,$$ - $$$
2071,$
2075,$$ - $$$
2076,
2078,$
2080,
2081,$
2082,
2083,$$ - $$$
2084,$$ - $$$
2086,
2087,$$ - $$$
2089,$$ - $$$
2091,$$ - $$$
2093,
2094,$$ - $$$
2103,$
2104,
2106,$$ - $$$
2109,
2113,
2114,
2117,$$ - $$$
2118,
2119,$
2121,
2128,$$ - $$$
2133,
2134,$$ - $$$
2135,
2136,
2141,$
2143,
2145,
2146,
2147,$$ - $$$
2152,
2153,$$ - $$$
2154,
2155,$$ - $$$
2159,$$ - $$$
2162,
2165,
2172,
2175,$
2176,
2179,$
2181,
2185,$$ - $$$
2186,$
2189,$$ - $$$
2190,
2191,
2193,
2205,$$ - $$$
2208,
2212,$
2213,$$ - $$$
2214,
2217,
2223,
2230,
2236,
2238,$$ - $$$
2240,$$ - $$$
2241,$
2244,$$ - $$$
2246,
2252,$$ - $$$
2254,$$ - $$$
2255,$$ - $$$
2263,
2266,$
2272,
2273,$$$$
2275,
2276,$$ - $$$
2283,
2284,
2286,$
2287,
2291,
2294,
2299,$$ - $$$
2301,$$ - $$$
2303,$
2305,
2311,
2314,$$ - $$$
2315,$
2318,$$ - $$$
2319,$
2320,
2323,
2325,
2330,$$ - $$$
2331,$$ - $$$
2332,$$ - $$$
2335,$
2338,
2342,$$ - $$$
2344,
2347,$$ - $$$
2350,
2353,$$ - $$$
2355,$
2360,
2364,
2366,
2368,$
2370,
2374,$
2375,
2377,$$ - $$$
2379,
2380,$
2382,
2383,
2385,
2386,
2387,$
2390,$$ - $$$
2397,$
2402,
2403,$$ - $$$
2408,$$ - $$$
2411,
2412,$
2416,$$ - $$$
2417,
2418,$$ - $$$
2421,
2424,
2438,$
2439,$$ - $$$
2440,$$ - $$$
2442,
2443,
2450,
2451,$$ - $$$
2457,
2459,
2460,$
2461,
2463,
2466,
2467,
2470,$
2475,
2478,$$ - $$$
2484,$$ - $$$
2489,
2495,
2498,$$ - $$$
2500,
2502,$$ - $$$
2505,$
2506,
2507,$
2511,
2512,$$ - $$$
2517,$
2518,$
2519,
2520,$
2521,$$ - $$$
2529,
2534,$
2539,$$ - $$$
2542,$
2543,$$ - $$$
2544,$$ - $$$
2545,
2552,$$ - $$$
2557,
2562,$$ - $$$
2563,$$ - $$$
2569,
2577,$$ - $$$
2578,$$ - $$$
2581,$
2586,
2589,$
2594,$
2602,$$ - $$$
2604,$$ - $$$
2605,
2606,
2610,
2612,
2619,
2622,
2629,$
2631,
2632,$
2633,
2634,$
2642,
2646,$$ - $$$
2651,
2653,$
2656,$$ - $$$
2657,
2660,
2661,$$$$
2662,
2670,
2671,
2672,
2674,$$ - $$$
2676,
2679,
2684,
2688,$$ - $$$
2695,$
2697,
2698,
2704,$$ - $$$
2706,$$ - $$$
2709,$$ - $$$
2711,
2713,$$ - $$$
2714,$$ - $$$
2721,
2723,
2724,$$ - $$$
2729,$$ - $$$
2730,
2731,$$ - $$$
2732,
2737,
2739,$$ - $$$
2741,
2745,
2746,
2749,
2758,$$ - $$$
2761,
2765,
2769,$$ - $$$
2776,$
2778,
2781,
2783,
2786,
2789,
2790,
2791,
2792,
2795,
2803,
2804,$$ - $$$
2809,
2810,
2816,
2819,$
2822,$
2827,$$ - $$$
2831,
2833,
2834,
2835,$$ - $$$
2836,
2840,$$ - $$$
2847,
2848,
2850,
2853,
2856,
2858,
2859,
2863,$$ - $$$
2865,$$ - $$$
2866,$$ - $$$
2867,
2869,
2879,$$ - $$$
2881,$$ - $$$
2886,$$ - $$$
2892,
2894,
2902,
2905,
2916,
2922,$$ - $$$
2923,
2925,
2928,$$ - $$$
2933,
2934,$
2944,
2947,
2950,
2957,
2963,$
2966,$
2968,
2969,$$ - $$$
2971,
2975,
2983,
2987,
2988,
2990,
2991,
2994,
3004,
3017,
3020,$
3021,
3023,
3025,$
3030,
3031,$
3033,
3035,$$ - $$$
3037,$$ - $$$
3040,$$ - $$$
3042,$
3043,$$ - $$$
3044,
3047,
3048,$
3050,$
3051,$$ - $$$
3052,
3054,
3058,
3060,
3062,$
3067,$
3068,$$ - $$$
3069,
3075,
3076,
3077,$$ - $$$
3078,$$$$
3080,$$ - $$$
3086,
3087,$$ - $$$
3088,
3097,
3098,$
3106,
3107,$$$$
3109,$$ - $$$
3111,$$ - $$$
3114,
3116,$
3119,
3123,
3124,
3128,$
3129,$$ - $$$
3131,
3138,$$ - $$$
3139,
3143,$$ - $$$
3144,$$ - $$$
3146,$
3149,
3157,
3158,$$ - $$$
3159,$
3160,$
3161,
3164,
3166,$
3167,
3169,
3179,$
3181,$
3191,$
3192,$$ - $$$
3195,$$ - $$$
3197,
3198,$
3199,
3201,
3206,$$ - $$$
3209,
3211,$
3213,$
3214,$$ - $$$
3217,
3223,$
3224,
3227,
3231,$$ - $$$
3234,
3237,
3239,$
3242,$$ - $$$
3243,$$ - $$$
3246,$$ - $$$
3248,
3249,
3250,
3251,$$ - $$$
3253,
3254,
3255,$$ - $$$
3257,$$ - $$$
3259,
3268,$$ - $$$
3269,
3273,
3274,$$ - $$$
3277,$$ - $$$
3280,
3285,$$ - $$$
3288,$$ - $$$
3290,$$ - $$$
3291,$
3300,
3301,$$ - $$$
3304,
3306,$
3307,$$ - $$$
3308,
3309,$$ - $$$
3311,$
3317,
3322,$$ - $$$
3323,
3325,
3328,$
3330,
3332,$$ - $$$
3335,
3338,$$ - $$$
3339,$
3344,
3346,$$ - $$$
3351,$$$$
3357,
3358,
3360,
3361,
3364,
3366,$
3367,
3372,$
3373,
3375,$$ - $$$
3376,$$ - $$$
3380,
3381,$
3382,$
3384,
3390,
3391,$
3394,$$ - $$$
3404,
3406,
3410,$$ - $$$
3416,
3417,
3418,
3419,
3421,
3422,$$ - $$$
3425,
3427,$
3430,
3431,$
3432,$$ - $$$
3434,$$ - $$$
3435,$
3437,
3440,$
3442,
3444,$$ - $$$
3445,
3446,$$ - $$$
3447,$
3450,$$ - $$$
3451,
3452,
3453,
3454,$$ - $$$
3459,
3460,
3463,
3464,$
3466,$
3467,
3469,
3473,$$ - $$$
3474,$$ - $$$
3475,$
3482,$$ - $$$
3486,
3489,$
3491,
3493,
3494,
3499,$
3502,
3507,
3510,$
3512,$$ - $$$
3515,
3520,$
3521,$$ - $$$
3524,$$ - $$$
3528,
3529,
3530,
3532,$$ - $$$
3537,
3539,$$ - $$$
3541,
3545,
3546,
3547,
3551,$$ - $$$
3555,$$ - $$$
3558,$
3559,
3561,
3563,
3565,
3567,
3574,
3575,$$ - $$$
3577,$$ - $$$
3578,$
3580,
3581,
3583,
3590,$$ - $$$
3591,
3592,
3597,
3598,
3606,
3608,
3617,
3623,$
3624,
3628,$$ - $$$
3631,
3640,$$ - $$$
3644,
3645,$
3646,
3648,$
3649,$$ - $$$
3651,
3652,
3653,
3654,
3658,
3660,$$ - $$$
3663,
3666,
3669,
3677,
3679,$$ - $$$
3683,
3687,$
3689,$
3690,$$ - $$$
3692,$$ - $$$
3697,$$ - $$$
3698,
3699,
3700,
3701,
3703,$
3710,$$ - $$$
3712,$$ - $$$
3713,
3715,$$ - $$$
3718,
3722,$
3723,
3725,$$ - $$$
3731,
3732,
3733,
3735,
3742,$$ - $$$
3745,$
3747,
3749,
3751,
3754,
3758,$
3759,$$ - $$$
3761,
3762,
3766,
3767,$$ - $$$
3768,$$ - $$$
3770,$$ - $$$
3773,
3777,$$ - $$$
3778,
3781,
3782,
3783,$$ - $$$
3788,
3790,
3800,$$ - $$$
3801,
3805,
3809,$$ - $$$
3814,
3823,$$ - $$$
3824,$
3827,
3829,$$ - $$$
3830,$$ - $$$
3831,$$ - $$$
3833,$
3834,$$ - $$$
3835,
3836,
3840,
3843,
3844,
3845,$$ - $$$
3848,$$ - $$$
3850,$
3851,$
3855,
3856,
3862,$
3864,
3866,$$ - $$$
3867,$$ - $$$
3868,$$ - $$$
3870,$
3872,$$ - $$$
3878,$$ - $$$
3880,
3882,$$ - $$$
3883,$$ - $$$
3884,$
3888,$
3894,
3896,
3897,$
3898,
3901,
3903,
3904,
3907,$
3909,
3910,
3911,
3912,$$ - $$$
3915,
3917,
3918,
3928,
3935,
3937,$$ - $$$
3940,
3944,
3948,$
3949,$$ - $$$
3956,$$ - $$$
3958,$
3959,
3960,
3962,$
3964,
3965,
3966,
3967,
3968,
3970,
3971,
3972,$$ - $$$
3981,
3982,$
3989,$
3995,$
3996,
3999,
4000,
4007,$
4017,
4019,$
4021,
4022,$$ - $$$
4023,$
4025,
4026,$
4028,
4031,
4032,
4034,$$$$
4039,$$ - $$$
4043,$$ - $$$
4044,$$ - $$$
4045,$$ - $$$
4047,$
4048,$
4054,
4060,
4061,
4062,$$ - $$$
4068,
4070,$$ - $$$
4076,$
4078,$$ - $$$
4079,
4082,$$ - $$$
4083,$$ - $$$
4085,$
4086,
4090,
4092,
4094,$$ - $$$
4099,$$ - $$$
4100,
4102,
4107,
4115,
4116,
4120,$
4123,$$ - $$$
4124,
4125,
4127,
4130,
4131,
4132,
4133,$
4138,
4139,$
4141,
4143,$$ - $$$
4144,
4146,
4147,$
4148,$
4153,$
4154,$
4155,
4157,$$ - $$$
4159,
4161,$
4163,
4164,$
4168,$
4170,$$ - $$$
4172,$
4175,$$ - $$$
4177,
4178,$
4179,$$ - $$$
4181,$
4183,$
4185,$$ - $$$
4186,
4195,
4200,
4201,
4202,
4206,$
4211,$$ - $$$
4212,$$ - $$$
4214,$$ - $$$
4216,$
4217,$$ - $$$
4218,$$ - $$$
4223,
4224,$
4225,
4231,
4233,$
4235,$$$$
4238,
4243,$$ - $$$
4246,$
4247,$$ - $$$
4250,
4253,$
4257,$
4260,
4266,
4269,
4271,$
4272,$
4273,
4274,
4276,$$ - $$$
4277,$
4279,
4281,$
4285,$$ - $$$
4286,
4288,$$ - $$$
4293,$
4295,
4296,
4299,$$ - $$$
4300,$$ - $$$
4302,
4304,
4305,$$ - $$$
4307,
4310,
4312,
4315,$$ - $$$
4317,$$ - $$$
4319,
4320,$
4325,
4326,$
4329,$$ - $$$
4330,
4331,
4332,
4334,$
4335,
4344,$
4347,$$$$
4349,
4350,$$ - $$$
4351,
4355,
4356,
4358,
4359,$$ - $$$
4364,
4365,
4368,$
4370,
4374,
4379,$
4381,
4391,
4394,
4395,$
4396,$
4397,
4398,$
4400,$$ - $$$
4401,
4402,$
4410,
4412,
4414,
4419,$$ - $$$
4423,$$ - $$$
4425,$
4428,
4431,$$ - $$$
4432,
4434,
4436,$
4438,
4440,
4447,
4458,
4460,
4464,$$ - $$$
4465,
4466,$
4471,
4478,$$ - $$$
4479,
4485,
4486,
4488,$
4491,
4493,$$ - $$$
4494,
4497,
4498,
4501,$$ - $$$
4502,
4504,$$ - $$$
4505,
4510,
4512,
4514,
4517,
4518,
4520,$$ - $$$
4525,
4528,$$ - $$$
4544,$$ - $$$
4555,$$ - $$$
4559,$$ - $$$
4560,
4561,
4568,$$$$
4570,
4571,
4575,
4576,$$ - $$$
4579,$
4583,
4588,$$ - $$$
4590,
4593,
4597,
4600,
4607,
4608,$$ - $$$
4611,$
4615,
4616,
4618,$$ - $$$
4620,
4631,$
4634,$$ - $$$
4635,$
4641,$
4643,
4647,$
4648,
4649,$$ - $$$
4651,
4653,
4655,$$ - $$$
4656,$
4657,$$ - $$$
4658,$$ - $$$
4660,$
4663,$$ - $$$
4667,$
4669,$$ - $$$
4671,$$ - $$$
4673,
4677,$
4681,$$ - $$$
4684,$$ - $$$
4687,
4690,$
4700,$
4701,$
4709,
4713,$$ - $$$
4716,$
4718,
4724,
4728,$
4729,$$ - $$$
4735,
4736,
4740,$
4741,
4742,$
4743,
4746,$$ - $$$
4747,
4749,
4750,
4751,$$ - $$$
4755,
4756,$$ - $$$
4763,
4764,$
4766,
4767,$$ - $$$
4769,$
4770,$$ - $$$
4772,
4780,
4783,$
4785,
4789,$
4791,$
4793,
4797,
4800,
4801,
4816,
4818,
4819,
4820,
4821,
4826,
4828,
4832,$$ - $$$
4835,
4840,$$ - $$$
4847,
4848,
4853,
4859,$
4862,
4863,
4866,$
4869,$$ - $$$
4871,$
4873,$$ - $$$
4875,
4877,
4878,$
4883,
4886,
4892,$$ - $$$
4894,$
4903,$$ - $$$
4906,$
4907,
4909,
4914,
4922,$
4924,$$ - $$$
4925,$$ - $$$
4927,$
4928,
4931,$
4932,$
4935,$$ - $$$
4939,
4940,$$ - $$$
4943,
4951,
4964,
4970,
4971,$$ - $$$
4973,$$ - $$$
4976,
4980,
4981,
4984,
4987,$
4989,$
4995,$$ - $$$
5006,$
5007,
5010,
5011,
5016,
5017,
5021,
5022,
5026,
5031,
5033,$$ - $$$
5034,
5043,$$ - $$$
5057,
5064,
5066,$
5070,
5071,$$ - $$$
5074,
5076,$$ - $$$
5079,$$ - $$$
5085,$$ - $$$
5086,$$ - $$$
5087,$$ - $$$
5091,$$ - $$$
5092,
5094,$
5097,
5098,$
5102,$
5103,$$ - $$$
5110,$$ - $$$
5116,$$$$
5119,$$ - $$$
5122,
5126,
5128,
5135,$
5137,
5139,
5142,
5143,
5154,
5158,
5161,$
5165,$
5169,
5170,$
5172,$
5175,$$ - $$$
5179,$$$$
5182,
5185,
5186,
5192,$
5194,
5197,$$ - $$$
5200,
5202,
5205,
5206,$$ - $$$
5207,
5211,
5213,$$ - $$$
5214,$$ - $$$
5216,
5219,$$ - $$$
5221,$$ - $$$
5229,$$ - $$$
5232,
5237,$$ - $$$
5239,
5244,$
5250,$$ - $$$
5252,$
5260,$$ - $$$
5264,
5269,
5272,$$ - $$$
5282,$
5288,$
5289,
5291,$
5292,$
5297,
5299,$$ - $$$
5302,
5306,
5308,
5311,
5312,$$ - $$$
5315,$$ - $$$
5326,$$ - $$$
5333,
5334,
5335,$$ - $$$
5338,$$ - $$$
5339,$$ - $$$
5340,
5342,$$ - $$$
5343,
5348,
5357,
5363,
5365,$$ - $$$
5368,$
5374,
5378,$$ - $$$
5380,
5383,
5388,$$ - $$$
5389,$$ - $$$
5390,$
5391,
5395,$$ - $$$
5396,$
5400,
5409,$
5410,$
5412,$$ - $$$
5414,
5416,
5419,
5424,
5428,
5429,
5432,
5435,
5439,
5443,
5444,$
5445,$
5448,
5449,$
5450,$$ - $$$
5451,$$ - $$$
5455,
5459,
5461,$
5469,$
5470,$$ - $$$
5472,$$ - $$$
5473,
5476,
5477,
5478,
5479,$
5480,$
5481,
5483,
5484,
5488,
5490,
5496,$
5499,
5504,
5505,$
5508,
5510,
5511,$$ - $$$
5512,$$ - $$$
5514,$$ - $$$
5515,
5516,
5517,
5518,
5519,
5521,
5523,$$ - $$$
5526,$
5527,$$ - $$$
5528,
5531,$$ - $$$
5533,
5534,$$ - $$$
5538,$
5543,$
5545,
5549,$$ - $$$
5552,
5555,$$ - $$$
5558,
5559,
5560,$
5561,
5563,$
5564,
5566,
5568,$
5569,
5573,
5574,$$ - $$$
5578,$$$$
5582,$
5583,
5585,$$ - $$$
5586,
5589,$
5591,
5593,$$ - $$$
5594,$
5602,
5603,$
5604,
5605,
5607,
5609,
5611,
5612,
5614,
5615,
5618,$
5620,$$ - $$$
5625,$$ - $$$
5626,$
5630,
5633,
5637,
5638,
5639,
5641,
5643,$
5644,
5645,
5648,
5649,$
5650,
5653,$
5656,$$ - $$$
5657,
5660,
5661,
5662,$
5663,$$$$
5671,$$ - $$$
5675,
5677,$$ - $$$
5685,$
5692,
5694,
5695,
5697,$
5699,
5702,
5717,$
5718,
5724,$$ - $$$
5725,$
5726,$$ - $$$
5727,
5729,
5730,
5731,
5733,
5736,
5750,
5752,
5759,$$ - $$$
5760,$$ - $$$
5761,
5762,$
5768,
5769,
5780,
5782,
5786,$$ - $$$
5787,$$ - $$$
5789,$
5791,$
5798,
5801,$
5804,
5807,
5808,$$ - $$$
5816,
5821,
5822,$
5831,$
5836,
5837,$
5840,
5844,$$$$
5846,
5847,
5849,$$ - $$$
5856,$$ - $$$
5861,$
5868,$
5870,$$ - $$$
5877,
5883,
5887,
5889,
5893,
5894,$
5895,
5896,
5898,$
5900,
5902,
5903,$
5905,$$ - $$$
5906,
5908,
5911,
5913,$
5915,$
5916,
5919,
5920,
5921,$
5922,$$ - $$$
5929,$$ - $$$
5932,$$ - $$$
5933,
5936,
5940,
5941,$$ - $$$
5943,$$ - $$$
5953,
5962,
5964,$
5967,
5968,$$ - $$$
5969,$$ - $$$
5971,$$ - $$$
5973,
5980,$
5985,
5986,$
5987,$$ - $$$
5989,
5991,$$ - $$$
5992,
5995,$
5996,$
6001,$
6003,$
6010,
6012,$$ - $$$
6013,
6016,
6018,$$ - $$$
6019,
6021,$$ - $$$
6022,
6025,$$ - $$$
6030,
6035,
6036,
6037,
6042,$
6048,
6055,$$ - $$$
6056,$
6058,$$ - $$$
6061,
6063,
6065,
6066,
6071,
6072,
6073,$
6078,
6081,
6083,
6084,$
6086,
6090,$$ - $$$
6092,$$ - $$$
6099,$$ - $$$
6104,$$ - $$$
6105,
6107,
6109,$
6112,
6115,$
6117,$
6119,
6123,$$ - $$$
6124,
6131,$$ - $$$
6132,$$ - $$$
6138,
6143,$$ - $$$
6148,
6154,
6160,
6161,$
6164,
6165,
6167,
6170,$$ - $$$
6179,
6182,$
6184,
6185,
6187,
6189,$$ - $$$
6190,
6191,
6193,
6195,
6196,$$ - $$$
6198,
6201,
6203,
6204,$$ - $$$
6205,$$ - $$$
6209,
6210,
6214,$$ - $$$
6217,$$ - $$$
6219,
6224,$
6228,$$ - $$$
6230,
6231,$$ - $$$
6233,
6236,
6239,
6240,
6244,
6249,
6251,$
6257,
6258,$$ - $$$
6259,
6261,
6262,
6263,$
6264,$
6271,$
6272,$
6276,$$ - $$$
6289,
6291,
6292,$$ - $$$
6295,
6297,$$ - $$$
6298,
6299,
6300,$
6302,
6303,
6305,
6311,$
6312,
6313,$$ - $$$
6314,$$ - $$$
6315,
6316,$
6320,
6321,
6325,
6331,$$ - $$$
6332,
6334,
6340,
6343,$$ - $$$
6345,$$$$
6351,
6353,
6358,
6364,$
6365,$$ - $$$
6367,
6372,$$ - $$$
6374,
6380,$$ - $$$
6384,$
6387,$
6388,$$ - $$$
6394,$$ - $$$
6396,$$ - $$$
6399,
6402,
6403,
6405,
6408,
6409,
6410,
6411,$$ - $$$
6415,
6417,
6419,
6421,$$ - $$$
6431,
6437,
6438,$$ - $$$
6439,$
6442,
6444,$$ - $$$
6450,
6452,
6453,
6456,
6460,
6463,
6464,
6465,$
6466,
6471,
6474,$
6477,
6484,
6486,
6490,
6492,
6494,$$ - $$$
6495,
6505,
6510,$$ - $$$
6511,$
6513,$
6515,$
6516,
6517,
6518,
6524,
6526,$
6530,
6534,$
6535,$
6536,
6545,$$ - $$$
6546,$
6550,$$ - $$$
6551,$$ - $$$
6553,
6555,
6559,
6560,
6562,
6566,
6569,
6571,
6574,$
6579,$
6582,$$ - $$$
6589,$
6594,$
6596,
6597,$$ - $$$
6599,
6601,$$ - $$$
6602,$
6608,$$ - $$$
6614,
6618,$$ - $$$
6619,$$ - $$$
6620,
6623,
6625,
6626,$
6630,$$ - $$$
6631,
6636,$$ - $$$
6638,
6639,$
6646,$$ - $$$
6656,
6657,$$ - $$$
6659,$
6662,$
6664,
6668,$$ - $$$
6669,$
6673,$$ - $$$
6674,
6680,$
6685,$$ - $$$
6687,$
6690,
6693,$
6694,
6703,$$ - $$$
6704,
6709,$
6711,
6712,
6716,
6719,
6726,$
6729,$$ - $$$
6732,$$ - $$$
6736,
6737,$$ - $$$
6741,$
6751,$
6753,
6754,
6755,
6759,
6761,$$ - $$$
6764,$$ - $$$
6769,$$ - $$$
6772,$$$$
6777,
6779,$
6780,
6786,$
6787,$$ - $$$
6794,
6795,$$ - $$$
6797,
6798,
6802,$$ - $$$
6806,
6807,
6809,$$ - $$$
6823,$$ - $$$
6827,$$ - $$$
6828,
6829,$$ - $$$
6832,
6834,$
6839,
6841,$
6846,
6847,$$ - $$$
6850,
6851,$$ - $$$
6855,$
6856,
6858,$$ - $$$
6859,$
6863,$
6871,
6873,$
6874,$
6878,$$ - $$$
6879,$$ - $$$
6883,
6884,$$ - $$$
6891,
6892,
6895,
6896,$$ - $$$
6897,
6902,
6910,
6914,$$ - $$$
6916,$$ - $$$
6921,$$ - $$$
6923,
6924,
6931,
6935,$
6938,
6939,
6943,
6948,$$ - $$$
6955,
6959,
6964,
6967,
6970,
6971,
6975,
6976,$
6977,
6980,
6981,
6984,
6987,
6992,
6996,
7002,$$ - $$$
7003,
7005,$$ - $$$
7011,
7014,
7016,
7020,
7023,$
7027,$$ - $$$
7034,
7037,$$ - $$$
7043,
7053,
7056,
7057,
7063,$$ - $$$
7064,
7067,
7071,
7075,$$ - $$$
7076,$$ - $$$
7077,$$ - $$$
7080,
7085,
7086,$
7089,$$ - $$$
7090,
7091,$$ - $$$
7092,$$ - $$$
7093,
7096,
7100,
7101,
7103,
7111,$$ - $$$
7112,$
7119,
7120,$$ - $$$
7121,$$ - $$$
7126,$$ - $$$
7129,$
7131,
7132,
7134,
7135,$$ - $$$
7141,
7145,
7146,$$ - $$$
7151,
7153,$$ - $$$
7157,$
7161,$
7162,
7164,$$ - $$$
7167,
7168,$$ - $$$
7170,$$ - $$$
7172,$
7175,$$ - $$$
7177,
7179,$$ - $$$
7188,
7191,
7193,
7195,$
7199,$$ - $$$
7203,$
7206,
7207,$$ - $$$
7210,$
7214,
7216,
7217,$
7225,
7226,$$ - $$$
7227,$
7235,
7236,$
7238,
7253,
7256,$$$$
7258,
7259,$
7263,$$ - $$$
7265,
7273,
7274,
7277,$
7285,$$ - $$$
7288,$$ - $$$
7291,
7293,
7295,$$ - $$$
7297,$$ - $$$
7303,$
7305,
7307,$$ - $$$
7308,$$ - $$$
7309,
7310,$$ - $$$
7311,
7314,
7320,$
7321,
7323,$
7331,
7333,
7337,
7338,$
7343,$
7346,
7349,
7350,
7351,$$ - $$$
7352,
7353,$$ - $$$
7354,$
7355,$
7356,$$ - $$$
7358,
7360,
7370,$
7371,$
7373,
7374,
7376,$$ - $$$
7385,$
7386,
7387,
7388,$$ - $$$
7389,
7392,$$ - $$$
7397,$$ - $$$
7399,
7404,
7407,
7410,$
7411,$$ - $$$
7413,$
7414,$
7416,
7417,
7418,
7424,$$ - $$$
7426,$$ - $$$
7430,
7431,
7433,
7437,
7438,$$ - $$$
7444,
7446,$
7447,$$ - $$$
7448,
7450,$$ - $$$
7452,$
7455,$$ - $$$
7460,
7465,$$ - $$$
7467,
7470,
7490,
7491,$$ - $$$
7493,$$ - $$$
7498,
7500,$$ - $$$
7502,
7505,
7506,
7507,
7515,
7517,
7520,
7522,$
7536,
7537,$$ - $$$
7538,
7542,
7544,
7554,$$ - $$$
7557,
7559,
7561,
7568,$
7570,$$ - $$$
7576,
7578,
7581,$
7584,
7585,$
7586,$$ - $$$
7601,
7606,
7613,$
7622,$$ - $$$
7623,$$ - $$$
7631,$
7633,
7637,
7638,$
7640,
7643,
7646,
7648,
7651,
7653,$$ - $$$
7654,
7657,
7658,$$ - $$$
7660,
7661,
7665,$$ - $$$
7668,$$ - $$$
7671,$
7673,$$ - $$$
7674,$$ - $$$
7675,$
7676,
7682,
7686,
7687,$
7688,$$ - $$$
7693,
7694,
7697,
7701,
7706,$$ - $$$
7710,$$ - $$$
7711,$$ - $$$
7712,
7714,$$ - $$$
7719,$
7721,$$ - $$$
7722,
7723,$$ - $$$
7724,$
7726,$$ - $$$
7729,$$ - $$$
7731,
7732,
7734,
7735,$
7740,$$ - $$$
7741,
7746,
7753,$
7755,
7758,$$ - $$$
7760,
7764,
7766,
7768,
7773,
7775,
7776,
7777,$
7781,$$ - $$$
7785,
7788,
7789,
7790,$$ - $$$
7791,
7792,$$ - $$$
7796,$$ - $$$
7797,$
7798,$$ - $$$
7799,
7802,
7804,$$ - $$$
7805,
7806,$$ - $$$
7809,$$ - $$$
7810,$
7812,
7816,
7817,$
7820,
7822,$
7823,$
7825,$
7826,
7828,
7829,$$ - $$$
7830,$$ - $$$
7831,$
7833,$
7834,
7837,$$$$
7840,$$ - $$$
7841,
7845,$$ - $$$
7846,$$ - $$$
7849,$
7852,$$ - $$$
7853,$$ - $$$
7856,$
7857,$$ - $$$
7858,$
7859,$$ - $$$
7861,$
7863,
7864,
7865,$$ - $$$
7870,$$ - $$$
7873,$$ - $$$
7875,
7878,
7881,$$ - $$$
7884,
7886,$
7894,
7898,
7902,$$ - $$$
7904,$
7906,$
7918,$$ - $$$
7919,
7920,$
7921,$
7922,$
7927,$$ - $$$
7929,
7930,$
7932,
7940,
7948,
7949,$$ - $$$
7950,
7954,
7955,$$ - $$$
7963,
7964,$$ - $$$
7966,$
7969,
7973,$
7974,$$ - $$$
7977,
7979,
7981,$
7984,
7986,$
7988,$$ - $$$
7989,
7993,
7995,
7996,
7999,$
8000,
8006,$
8009,
8012,$
8019,
8022,
8026,
8028,
8032,$
8034,
8037,$
8038,
8041,
8044,$$ - $$$
8046,
8054,$$ - $$$
8060,
8061,
8066,
8067,
8072,$$ - $$$
8076,
8084,
8085,
8092,
8093,
8094,$
8098,$$ - $$$
8100,$$ - $$$
8106,$
8107,
8112,$
8116,$$ - $$$
8117,
8119,$$ - $$$
8120,$
8121,$
8127,$$ - $$$
8128,
8131,
8135,$$ - $$$
8137,$
8140,$
8146,
8149,$
8151,
8152,
8153,$$ - $$$
8154,
8155,
8156,
8159,$$ - $$$
8160,
8162,$
8163,$
8164,$$ - $$$
8168,$$ - $$$
8169,
8170,
8172,$
8178,$$ - $$$
8182,$$ - $$$
8188,$
8195,
8205,
8208,
8209,
8219,
8220,
8227,$
8232,$$ - $$$
8233,$$ - $$$
8234,
8235,
8236,$
8237,$$ - $$$
8239,$
8243,
8245,
8250,
8251,$$ - $$$
8257,$$ - $$$
8260,
8264,
8266,$
8270,$$ - $$$
8271,
8276,$$ - $$$
8281,$
8282,$
8283,
8285,
8286,
8287,
8288,$
8290,$
8291,$
8294,$$ - $$$
8296,$
8302,
8304,
8307,
8316,$$ - $$$
8323,$
8326,
8327,$$ - $$$
8328,$
8331,$$ - $$$
8340,
8349,
8352,
8354,
8356,$$ - $$$
8357,$
8362,
8365,$$ - $$$
8367,$
8368,$$ - $$$
8370,
8372,$$ - $$$
8376,
8377,
8380,$
8382,
8384,
8393,$$ - $$$
8396,$
8398,
8401,
8403,$
8405,
8407,$
8410,
8411,$
8412,
8413,$
8414,
8415,
8416,
8417,
8418,
8421,
8427,$$ - $$$
8428,$$ - $$$
8429,$$ - $$$
8430,$$ - $$$
8431,$
8432,$
8433,$
8435,$
8438,
8440,$
8444,
8446,
8447,$
8450,
8452,$$ - $$$
8456,$$ - $$$
8457,
8458,
8460,
8461,
8466,$$ - $$$
8467,$
8471,$
8472,$$ - $$$
8475,$
8479,$
8482,$$ - $$$
8487,$$ - $$$
8492,
8494,
8495,
8496,
8502,$$ - $$$
8509,
8511,
8512,
8513,$$ - $$$
8515,
8516,
8517,$
8518,$$ - $$$
8530,
8532,
8535,
8536,$$ - $$$
8537,$$ - $$$
8538,
8540,
8542,$$ - $$$
8545,$
8548,
8552,
8560,
8564,$$ - $$$
8566,
8567,$
8571,$
8572,$
8579,
8581,$$ - $$$
8582,
8587,$$ - $$$
8591,
8592,$$$$
8595,$
8600,$$ - $$$
8606,
8609,$$ - $$$
8611,$
8613,$$$$
8621,
8626,$$ - $$$
8630,
8639,
8640,
8644,
8645,$
8649,$$ - $$$
8656,
8657,$
8659,
8662,$$ - $$$
8668,
8671,
8672,
8674,
8675,$$ - $$$
8679,
8680,
8682,$
8683,$$ - $$$
8686,
8687,$
8688,$
8692,$$ - $$$
8694,$
8695,$$$$
8697,
8706,$$$$
8707,
8708,$
8711,
8713,$
8717,
8729,$
8731,$$ - $$$
8733,
8737,
8739,
8741,
8743,
8745,
8748,$$ - $$$
8749,$
8750,
8753,$
8754,
8756,
8758,$
8759,$$ - $$$
8760,$
8761,$
8763,
8767,
8771,
8775,
8776,$
8778,
8779,$$ - $$$
8781,$
8782,$$ - $$$
8784,$$$$
8791,
8794,
8795,
8797,$
8798,$$ - $$$
8799,$$ - $$$
8800,
8802,$
8806,
8807,$$ - $$$
8812,
8814,
8819,
8823,
8825,$$ - $$$
8835,
8836,$
8837,
8842,
8851,
8855,
8858,$$ - $$$
8862,
8864,
8866,$
8867,$$ - $$$
8872,
8873,
8878,
8884,
8891,
8895,$$ - $$$
8896,
8901,
8909,
8911,
8913,
8916,
8919,
8920,
8927,
8928,$
8929,$$ - $$$
8935,$
8939,$
8940,$
8941,
8943,$
8944,$$ - $$$
8948,
8954,
8956,
8958,
8960,
8961,$
8962,$
8965,$
8966,$$ - $$$
8975,
8977,
8978,
8980,$$ - $$$
8981,
8986,$
8989,$
8994,
8995,
8996,$$ - $$$
8998,
9009,
9011,$$ - $$$
9013,
9015,
9017,$$ - $$$
9020,
9025,$
9027,
9028,$$ - $$$
9032,
9034,
9037,
9042,$
9043,
9045,$
9051,$
9054,$
9056,$$ - $$$
9057,$$ - $$$
9058,
9062,$$ - $$$
9064,
9066,
9067,
9076,
9079,$$ - $$$
9080,$
9090,
9095,
9104,
9107,
9108,$$ - $$$
9109,$$ - $$$
9112,$$ - $$$
9118,$$ - $$$
9120,
9121,$
9123,$
9127,$
9128,
9131,
9133,
9136,
9137,$$ - $$$
9138,
9139,$$ - $$$
9141,
9143,
9146,$
9147,$$ - $$$
9148,
9149,
9150,$
9153,$$ - $$$
9164,
9165,$$ - $$$
9168,
9169,
9171,
9174,$
9177,$
9182,$$ - $$$
9184,
9185,
9188,$$ - $$$
9190,
9191,$
9194,$$ - $$$
9197,
9199,$
9210,$
9216,
9223,
9225,
9227,$
9230,$$ - $$$
9232,
9235,$
9237,$
9238,
9240,
9248,
9250,
9252,$
9260,
9261,
9262,
9264,
9267,$
9268,
9272,$$ - $$$
9273,$
9274,$
9275,$
9276,$
9277,$$ - $$$
9278,
9287,
9292,$
9299,
9300,$$ - $$$
9301,
9307,$$ - $$$
9310,
9311,
9312,$$ - $$$
9317,$$ - $$$
9318,
9322,
9324,$$ - $$$
9327,$$ - $$$
9331,$
9334,$
9335,$$$$
9340,
9341,$$ - $$$
9343,$$ - $$$
9345,
9346,$$ - $$$
9347,
9348,$$ - $$$
9349,
9350,$$ - $$$
9354,$$ - $$$
9357,$$ - $$$
9359,
9368,
9369,
9370,
9376,$$ - $$$
9378,
9379,$$ - $$$
9381,
9383,$$ - $$$
9384,$$$$
9385,
9388,$
9398,
9403,$
9413,
9415,
9417,
9418,$
9421,$$ - $$$
9422,$$ - $$$
9424,$$ - $$$
9425,$$ - $$$
9427,
9429,
9431,
9433,
9434,$
9435,
9441,
9444,
9451,$$ - $$$
9456,$$ - $$$
9457,$$ - $$$
9458,
9463,$$ - $$$
9466,$
9472,$$ - $$$
9476,
9477,$
9478,$$ - $$$
9480,$$ - $$$
9483,$
9488,
9489,
9490,$
9491,$$ - $$$
9498,$
9504,$
9505,$$ - $$$
9507,
9508,
9512,$$ - $$$
9516,
9521,
9523,
9524,
9525,
9526,
9528,
9530,$$ - $$$
9531,
9532,
9534,$
9535,
9538,$$ - $$$
9542,$$ - $$$
9544,$$ - $$$
9545,$$ - $$$
9546,
9548,$$ - $$$
9552,
9556,$$ - $$$
9558,
9560,$
9561,
9562,$
9565,
9568,$$ - $$$
9572,$$ - $$$
9574,
9575,
9576,$
9578,$$ - $$$
9582,$$ - $$$
9584,$
9587,
9590,$$ - $$$
9591,$
9602,
9608,$$ - $$$
9612,$
9617,
9618,$$ - $$$
9621,$
9624,
9627,
9630,$$$$
9641,
9646,
9649,
9651,
9652,$
9654,
9656,
9657,$$ - $$$
9658,
9659,$$ - $$$
9660,$$ - $$$
9661,
9663,
9666,$$ - $$$
9667,$
9669,$
9673,$
9674,
9679,$$ - $$$
9680,
9685,
9696,
9698,$
9699,$$ - $$$
9706,$$ - $$$
9708,
9710,
9713,$
9718,$
9722,$$ - $$$
9724,
9725,$$ - $$$
9727,
9728,
9731,
9739,
9741,
9743,
9747,$$ - $$$
9751,
9753,
9757,
9761,
9763,
9765,$
9767,
9772,$$ - $$$
9777,
9784,
9790,$$ - $$$
9793,$
9801,
9802,$$ - $$$
9804,$
9809,$
9812,
9814,$$ - $$$
9816,$$ - $$$
9817,
9820,
9821,$$ - $$$
9822,$$ - $$$
9825,$
9827,
9832,
9838,
9842,
9843,$
9846,$$ - $$$
9847,
9848,
9851,
9852,
9853,
9854,$$ - $$$
9856,$$ - $$$
9858,
9863,$$$$
9873,$
9874,
9875,$
9879,
9880,
9884,
9887,
9889,
9890,
9892,$$ - $$$
9906,
9912,$$ - $$$
9914,
9918,$
9919,
9927,$$ - $$$
9928,$
9936,
9939,
9948,$
9949,
9950,$$ - $$$
9958,$$ - $$$
9959,
9960,
9961,
9962,
9963,
9970,$
9971,
9972,$$ - $$$
9973,
9974,
9975,$$ - $$$
9982,$
9983,$$ - $$$
9986,$
9989,$
9997,$$ - $$$
9998,
9999,$$ - $$$
